{"cameraMode":{"drawMode":0,"name":"Shaded","section":"Shading Mode"},"sceneLighting":true,"audioPlay":false,"sceneViewState":{"showFog":true,"showMaterialUpdate":false,"showSkybox":true,"showFlares":true,"showImageEffects":true,"showParticleSystems":true},"in2DMode":false,"pivot":{"x":-266.26580810546877,"y":-7.83697509765625,"z":-109.53569793701172},"rotation":{"x":0.12896953523159028,"y":-0.6881511211395264,"z":0.1262892782688141,"w":0.7027561068534851},"size":889.4646606445313,"orthographic":false}